Category,Product,Price,Sale price
áo thun,áo thun quảng cáo,100000,90000
áo thun,áo thun cá sâú,100000,90000
áo thun,áo thun học  sinhh,100000,90000
áo thun,áo thun nhóm,100000,90000
áo thun,áo thun công nhân,100000,90000
áo thun,áo thun phản quang,100000,90000
áo thun,áo thun dài tay,100000,90000
áo thun,áo thun văn phòng,100000,90000
áo thun,áo thun thể thao,100000,90000
áo thun,áo thun nam,100000,90000
áo thun,áo thun nữ,100000,90000
áo thun,áo thun cổ tròn,100000,90000
áo mưa,áo mưa phản quang,100000,90000
áo mưa,áo mưa dơi,100000,90000
áo mưa,áo mưa bộ,100000,90000
áo mưa,áo mưa măng tô,100000,90000
áo mưa,áo mưa trẻ em,100000,90000
áo phản quang,áo phản quang,100000,90000
áo phản quang,áo ghi lê phản quang,100000,90000
áo phản quang,áo choàng phản quang,100000,90000
áo phản quang,áo bảo hộ phản quang,100000,90000
áo phản quang,áo thun phản quang,100000,90000
quần áo đồng phục,áo blouse,100000,90000
quần áo đồng phục,dong phục phòng sạch,100000,90000
quần áo đồng phục,Đồng phục học sinh,100000,90000
quần áo đồng phục,đồng phục thủy sản,100000,90000
quần áo đồng phục,đồng phục công sở,100000,90000
quần áo đồng phục,đồng phục thực phẩm,100000,90000
quần áo đồng phục,đồng phục nhà hàng- khách sạn,100000,90000
quần áo đồng phục,đồng phục bảo vệ,100000,90000
quần áo đồng phục,đồng phục bệnh viện,100000,90000
quần áo bảo hộ lao dộng,Quần áo kỹ sư xây dựng,100000,90000
quần áo bảo hộ lao dộng,quần áo kỹ sư cơ khí,100000,90000
quần áo bảo hộ lao dộng,quần áo công nhân vệ sinh,100000,90000
quần áo bảo hộ lao dộng,quần áo công nhân xây dựng,100000,90000
quần áo bảo hộ lao dộng,quần áo công nhân cơ khí,100000,90000
quần áo bảo hộ lao dộng,quần áo công nhân điện lực,100000,90000
quần áo bảo hộ lao dộng,quần áo quản lý,100000,90000
quần áo bảo hộ lao dộng,quần áo bảo hộ lao động,100000,90000
quần áo bảo hộ lao dộng,quần áo công nhân dầu khí,100000,90000
quần áo bảo hộ lao dộng,quần áo chống hóa chất,100000,90000
quần áo bảo hộ lao dộng,quần áo kho lạnh,100000,90000
quần áo bảo hộ lao dộng,Áo liền quần ,100000,90000
Quần áo chống cháy,quần áo chịu nhiệt,100000,90000
Quần áo chống cháy,yếm chịu nhiệt,100000,90000
Quần áo chống cháy,quần áo chống cháy,100000,90000
Trang bị bảo vệ đầu,nón an toàn ngoại nhập,100000,90000
Trang bị bảo vệ đầu,nón an toàn nội,100000,90000
Trang bị bảo vệ đầu,nón chống tĩnh điện,100000,90000
Trang bị bảo vệ đầu,nón bếp,100000,90000
Trang bị bảo vệ đầu,nón vải,100000,90000
Trang bị bảo vệ đầu,nón kết,100000,90000
Trang bị bảo vệ đầu,nón thủy sản,100000,90000
trang bị bảo vệ mắt,kính chống bụi,100000,90000
trang bị bảo vệ mắt,kính hàn,100000,90000
trang bị bảo vệ mắt,kính chống hóa chất,100000,90000
trang bị bảo vệ mắt,mặt nạ hàn,100000,90000
trang bị bảo vệ mắt,dung dịch rữa mắt,100000,90000
trang bị bảo vệ mắt,kính che mặt bảo hộ,100000,90000
trang bị bảo vệ mắt,phụ kiện,100000,90000
trang bị bảo vệ tai,chụp tai chống ồn,100000,90000
trang bị bảo vệ tai,nút tai chống ồn,100000,90000
bảo vệ ho hấp,mặt nạ chống hóa chất,100000,90000
bảo vệ ho hấp,bộ cấp khí- lọc khí thở,100000,90000
bảo vệ ho hấp,mặt nạ lọc bụi-lọc độc,100000,90000
bảo vệ ho hấp,trùm đầu- mặt nạ kết hợp,100000,90000
bảo vệ ho hấp,khẩu trang phòng độc,100000,90000
bảo vệ ho hấp,khẩu trang y tế,100000,90000
bảo vệ ho hấp,phin lọc-hộp lọc độc,100000,90000
bảo vệ tay,gằng tay cách điện,100000,90000
bảo vệ tay,găng tay chống cắt,100000,90000
bảo vệ tay,găng tay chống cháy,100000,90000
bảo vệ tay,găng tay chống hóa chất,100000,90000
bảo vệ tay,găng tay chống lạnh,100000,90000
bảo vệ tay,găng tay chống nóng,100000,90000
bảo vệ tay,găng tay chống tĩnh điện,100000,90000
bảo vệ tay,găng tay da hàn,100000,90000
bảo vệ tay,găng tay len,100000,90000
bảo vệ tay,găng tay thun,100000,90000
bảo vệ tay,găng tay vải,100000,90000
bảo vệ tay,găng tay y tế,100000,90000
bảo vệ tay,găng tay cao su,100000,90000
bảo vệ tay,phụ kiện,100000,90000
bảo vệ chân,bọc giày chống tĩnh điện,100000,90000
bảo vệ chân,giày chống tĩnh điện,100000,90000
bảo vệ chân,giày da bảo hộ,100000,90000
bảo vệ chân,giày dép nhựa bảo hộ,100000,90000
bảo vệ chân,giày vải bỏa hộ,100000,90000
bảo vệ chân,giầy bảo hộ ngoại nhập,100000,90000
bảo vệ chân,giày bảo hộ nội,100000,90000
bảo vệ chân,giầy vải bảo hộ,100000,90000
bảo vệ chân,ủng cao su,100000,90000
bảo vệ chân,ủng cách điênh,100000,90000
bảo vệ chân,ủng cao su trẻ em,100000,90000
bảo vệ chân,ủng da bảo hộ,100000,90000
bảo vệ chân,ủng dđi cấy,100000,90000
bảo vệ chân,yếm đi cấy,100000,90000
bảo vệ chân,ủng chiu nhiệt,100000,90000
trang bị an toàn điện,găng tay cách điện,100000,90000
trang bị an toàn điện,ghế cách điện,100000,90000
trang bị an toàn điện,giày cách điện,100000,90000
trang bị an toàn điện,nón cách điện,100000,90000
trang bị an toàn điện,ủng cách điện,100000,90000
trang bị an toàn điện,quần áo cách điện,100000,90000
trang bị an toàn điện,sào cách điện,100000,90000
trang bị an toàn điện,thảm cách điên,100000,90000
trang bị an toàn điện,thang cách điênh,100000,90000
trang bị an toàn điện,tiếp địa di động,100000,90000
trang bị phòng cháy chữa cháy,bình chữa cháy,100000,90000
trang bị phòng cháy chữa cháy,bộ tiêu lệnh-phụ kiện,100000,90000
trang bị phòng cháy chữa cháy,búa-rìu cứu hỏa,100000,90000
trang bị phòng cháy chữa cháy,còi báo cháy,100000,90000
trang bị phòng cháy chữa cháy,găng tay chống cháy,100000,90000
trang bị phòng cháy chữa cháy,mền-thảm chống cháy,100000,90000
trang bị phòng cháy chữa cháy,nón chữa cháy- chịu nhiệt,100000,90000
trang bị phòng cháy chữa cháy,ống nước cứu hỏa,100000,90000
trang bị phòng cháy chữa cháy,quần áo phóng cháy-chưa cháy,100000,90000
trang bị phòng cháy chữa cháy,thiết bị phòng cháy chữa cháy,100000,90000
trang bị phòng cháy chữa cháy,ủng chữa cháy-chịu nhiệt,100000,90000
trang bị phòng cháy chữa cháy,đèn pin chống cháy nổ,100000,90000
trang bị phòng sạch,bọc giày phòng sạch,100000,90000
trang bị phòng sạch,bàn chải tĩnh điện,100000,90000
trang bị phòng sạch,con lăn dính bụi phòng sạch,100000,90000
trang bị phòng sạch,găng tay- ống tay chống tĩnh điện,100000,90000
trang bị phòng sạch,ghế chống tĩnh điện,100000,90000
trang bị phòng sạch,giày-dép chống tĩnh điện,100000,90000
trang bị phòng sạch,giấy-vải lau phòng sạch,100000,90000
trang bị phòng sạch,khẩu trang -tạp dề phòng sạch,100000,90000
trang bị phòng sạch,khay-hộp nhựa tĩnh điên,100000,90000
trang bị phòng sạch,nón phòng sạch,100000,90000
trang bị phòng sạch,thảm cao su chống tĩnh điện,100000,90000
trang bị phòng sạch,phụ kiện- thiết bị chống tĩnh điện,100000,90000
trang bị an toàn trên cao,dây đai an toàn trên cao,100000,90000
trang bị an toàn trên cao,dây kết nối và cố định vị trí,100000,90000
trang bị an toàn trên cao,dây thoát hiểm- cứu hộ,100000,90000
trang bị an toàn trên cao,dây đai antoanf,100000,90000
trang bị an toàn trên cao,hộp chống rơi tự động,100000,90000
trang bị an toàn trên cao,khóa an toàn,100000,90000
trang bị an toàn trên cao,khóa thoát hiểm- cứu hộ,100000,90000
trang bị an toàn trên cao,thang dây-thang cao cấp,100000,90000
trnag bị an toàn sông nước,áo phao,100000,90000
trnag bị an toàn sông nước,phao bè,100000,90000
trnag bị an toàn sông nước,phao tròn,100000,90000
trnag bị an toàn sông nước,quần áo lội nước,100000,90000
trnag bị an toàn sông nước,quần áo thợ lặn,100000,90000
dụng cụ thi công,bảng hiệu an toàn,100000,90000
dụng cụ thi công,băng keo màng PE stretch fil,100000,90000
dụng cụ thi công,cách âm- cách nhiệt,100000,90000
dụng cụ thi công,cảnh báo hướng dẫn,100000,90000
dụng cụ thi công,chống trơn trượt,100000,90000
dụng cụ thi công,cột giao thông,100000,90000
dụng cụ thi công,dụng cụ cơ khí,100000,90000
dụng cụ thi công,dụng cụ dùng pin,100000,90000
dụng cụ thi công,dụng cụ thủy lực,100000,90000
dụng cụ thi công,rào chắn công trình,100000,90000